{
    "date": "2020-09-08",
    "sample_bank": "sfx_mario",
    "envelopes": {
        "envelope0": [
            [2, 32700],
            [1, 32700],
            [32700, 29430],
            "hang"
        ]
    },
    "instruments": {
        "inst0": {
            "release_rate": 208,
            "envelope": "envelope0",
            "sound": "mario_normaljump_1.i.16.c4"
        },
        "inst1": {
            "release_rate": 208,
            "envelope": "envelope0",
            "sound": "mario_normaljump_2.i.16.c4"
        },
        "inst2": {
            "release_rate": 208,
            "envelope": "envelope0",
            "sound": "mario_normaljump_3.i.16.c4"
        },
        "inst3": {
            "release_rate": 208,
            "envelope": "envelope0",
            "sound": "mario_secondjump.i.16.c4"
        },
        "inst4": {
            "release_rate": 208,
            "envelope": "envelope0",
            "sound": "mario_spinjump.i.16.c4"
        },
        "inst5": {
            "release_rate": 208,
            "envelope": "envelope0",
            "sound": "mario_damage.i.16.c4"
        },
        "inst6": {
            "release_rate": 208,
            "envelope": "envelope0",
            "sound": "mario_lift.i.16.c4"
        },
        "inst7": {
            "release_rate": 208,
            "envelope": "envelope0",
            "sound": "mario_throw.i.16.c4"
        },
        "inst8": {
            "release_rate": 208,
            "envelope": "envelope0",
            "sound": "mario_hang.i.16.c4"
        },
        "inst9": {
            "release_rate": 208,
            "envelope": "envelope0",
            "sound": "mario_climb.i.16.c4"
        },
        "inst10": {
            "release_rate": 208,
            "envelope": "envelope0",
            "sound": "mario_tumble.i.16.c4"
        },
        "inst11": {
            "release_rate": 208,
            "envelope": "envelope0",
            "sound": "mario_yeeah.i.16.c4"
        }
    },
    "instrument_list": [
        "inst0",
        "inst1",
        "inst2",
        "inst3",
        "inst4",
        "inst5",
        "inst6",
        "inst7",
        "inst8",
        "inst9",
        "inst10",
        "inst11"
    ]
}
